{
	"credit": "Made with Blockbench",
	"texture_size": [512, 64],
	"textures": {
		"2": "boss_raid"
	},
	"elements": [
		{
			"from": [-3.5, 12, 5],
			"to": [3.5, 15, 5],
			"rotation": {"angle": -22.5, "axis": "z", "origin": [0, 7, 0]},
			"faces": {
				"north": {"uv": [12.5, 1.5, 12.9375, 3], "texture": "#2"},
				"east": {"uv": [12, 0, 12, 1.5], "texture": "#2"},
				"south": {"uv": [12.5, 3, 12.9375, 4.5], "texture": "#2"},
				"west": {"uv": [12, 0, 12, 1.5], "texture": "#2"},
				"up": {"uv": [12.4375, 0, 12, 0], "texture": "#2"},
				"down": {"uv": [12.4375, 0, 12, 0], "texture": "#2"}
			}
		},
		{
			"from": [11.5, 6, 5],
			"to": [18.5, 9, 5],
			"rotation": {"angle": 22.5, "axis": "z", "origin": [0, 7, 0]},
			"faces": {
				"north": {"uv": [12, 4.5, 12.4375, 6], "texture": "#2"},
				"east": {"uv": [12, 0, 12, 1.5], "texture": "#2"},
				"south": {"uv": [12.4375, 4.5, 12.875, 6], "texture": "#2"},
				"west": {"uv": [12, 0, 12, 1.5], "texture": "#2"},
				"up": {"uv": [12.4375, 0, 12, 0], "texture": "#2"},
				"down": {"uv": [12.4375, 0, 12, 0], "texture": "#2"}
			}
		},
		{
			"from": [11.5, 22, 5],
			"to": [20.5, 23, 5],
			"rotation": {"angle": -22.5, "axis": "z", "origin": [0, 7, 0]},
			"faces": {
				"north": {"uv": [12.875, 5.5, 13.4375, 6], "texture": "#2"},
				"east": {"uv": [12, 0, 12, 0.5], "texture": "#2"},
				"south": {"uv": [12, 8, 12.5625, 8.5], "texture": "#2"},
				"west": {"uv": [12, 0, 12, 0.5], "texture": "#2"},
				"up": {"uv": [12.5625, 0, 12, 0], "texture": "#2"},
				"down": {"uv": [12.5625, 0, 12, 0], "texture": "#2"}
			}
		},
		{
			"from": [11.5, 23, 4.5],
			"to": [20.5, 24, 5.5],
			"rotation": {"angle": -22.5, "axis": "z", "origin": [0, 7, 0]},
			"faces": {
				"north": {"uv": [13, 0, 13.5625, 0.5], "texture": "#2"},
				"east": {"uv": [12.375, 9.5, 12.4375, 10], "texture": "#2"},
				"south": {"uv": [13, 0.5, 13.5625, 1], "texture": "#2"},
				"west": {"uv": [12.4375, 9.5, 12.5, 10], "texture": "#2"},
				"up": {"uv": [13.5625, 1.5, 13, 1], "texture": "#2"},
				"down": {"uv": [13.125, 8, 12.5625, 8.5], "texture": "#2"}
			}
		},
		{
			"from": [-5.5, 15, 4],
			"to": [3.5, 17, 6],
			"rotation": {"angle": -22.5, "axis": "z", "origin": [0, 7, 0]},
			"faces": {
				"north": {"uv": [12, 6, 12.5625, 7], "texture": "#2"},
				"east": {"uv": [13.125, 9, 13.25, 10], "texture": "#2"},
				"south": {"uv": [12.5625, 6, 13.125, 7], "texture": "#2"},
				"west": {"uv": [12, 9.5, 12.125, 10.5], "texture": "#2"},
				"up": {"uv": [12.5625, 8, 12, 7], "texture": "#2"},
				"down": {"uv": [13.125, 7, 12.5625, 8], "texture": "#2"}
			}
		},
		{
			"from": [11.5, 19, 5],
			"to": [19.5, 22, 5],
			"rotation": {"angle": -22.5, "axis": "z", "origin": [0, 7, 0]},
			"faces": {
				"north": {"uv": [12, 0, 12.5, 1.5], "texture": "#2"},
				"east": {"uv": [12, 0, 12, 1.5], "texture": "#2"},
				"south": {"uv": [12, 1.5, 12.5, 3], "texture": "#2"},
				"west": {"uv": [12, 0, 12, 1.5], "texture": "#2"},
				"up": {"uv": [12.5, 0, 12, 0], "texture": "#2"},
				"down": {"uv": [12.5, 0, 12, 0], "texture": "#2"}
			}
		},
		{
			"from": [11.5, 18, 5],
			"to": [17.5, 19, 5],
			"rotation": {"angle": -22.5, "axis": "z", "origin": [0, 7, 0]},
			"faces": {
				"north": {"uv": [13.125, 7, 13.5, 7.5], "texture": "#2"},
				"east": {"uv": [12, 0, 12, 0.5], "texture": "#2"},
				"south": {"uv": [13.125, 7.5, 13.5, 8], "texture": "#2"},
				"west": {"uv": [12, 0, 12, 0.5], "texture": "#2"},
				"up": {"uv": [12.375, 0, 12, 0], "texture": "#2"},
				"down": {"uv": [12.375, 0, 12, 0], "texture": "#2"}
			}
		},
		{
			"from": [-5.5, 16, 4.5],
			"to": [3.5, 17, 5.5],
			"rotation": {"angle": 22.5, "axis": "z", "origin": [0, 7, 0]},
			"faces": {
				"north": {"uv": [12, 8.5, 12.5625, 9], "texture": "#2"},
				"east": {"uv": [12.5, 9.5, 12.5625, 10], "texture": "#2"},
				"south": {"uv": [12.5625, 8.5, 13.125, 9], "texture": "#2"},
				"west": {"uv": [12.5625, 9.5, 12.625, 10], "texture": "#2"},
				"up": {"uv": [12.5625, 9.5, 12, 9], "texture": "#2"},
				"down": {"uv": [13.125, 9, 12.5625, 9.5], "texture": "#2"}
			}
		},
		{
			"from": [-5.5, 15, 5],
			"to": [3.5, 16, 5],
			"rotation": {"angle": 22.5, "axis": "z", "origin": [0, 7, 0]},
			"faces": {
				"north": {"uv": [13.125, 6, 13.6875, 6.5], "texture": "#2"},
				"east": {"uv": [12, 0, 12, 0.5], "texture": "#2"},
				"south": {"uv": [13.125, 6.5, 13.6875, 7], "texture": "#2"},
				"west": {"uv": [12, 0, 12, 0.5], "texture": "#2"},
				"up": {"uv": [12.5625, 0, 12, 0], "texture": "#2"},
				"down": {"uv": [12.5625, 0, 12, 0], "texture": "#2"}
			}
		},
		{
			"from": [-4.5, 12, 5],
			"to": [3.5, 15, 5],
			"rotation": {"angle": 22.5, "axis": "z", "origin": [0, 7, 0]},
			"faces": {
				"north": {"uv": [12, 3, 12.5, 4.5], "texture": "#2"},
				"east": {"uv": [12, 0, 12, 1.5], "texture": "#2"},
				"south": {"uv": [12.5, 0, 13, 1.5], "texture": "#2"},
				"west": {"uv": [12, 0, 12, 1.5], "texture": "#2"},
				"up": {"uv": [12.5, 0, 12, 0], "texture": "#2"},
				"down": {"uv": [12.5, 0, 12, 0], "texture": "#2"}
			}
		},
		{
			"from": [-2.5, 11, 5],
			"to": [3.5, 12, 5],
			"rotation": {"angle": 22.5, "axis": "z", "origin": [0, 7, 0]},
			"faces": {
				"north": {"uv": [13.125, 8, 13.5, 8.5], "texture": "#2"},
				"east": {"uv": [12, 0, 12, 0.5], "texture": "#2"},
				"south": {"uv": [13.125, 8.5, 13.5, 9], "texture": "#2"},
				"west": {"uv": [12, 0, 12, 0.5], "texture": "#2"},
				"up": {"uv": [12.375, 0, 12, 0], "texture": "#2"},
				"down": {"uv": [12.375, 0, 12, 0], "texture": "#2"}
			}
		},
		{
			"from": [11.5, 9, 4],
			"to": [20.5, 11, 6],
			"rotation": {"angle": 22.5, "axis": "z", "origin": [0, 7, 0]},
			"faces": {
				"north": {"uv": [12.875, 4.5, 13.4375, 5.5], "texture": "#2"},
				"east": {"uv": [12.125, 9.5, 12.25, 10.5], "texture": "#2"},
				"south": {"uv": [12.9375, 1.5, 13.5, 2.5], "texture": "#2"},
				"west": {"uv": [12.25, 9.5, 12.375, 10.5], "texture": "#2"},
				"up": {"uv": [13.5, 3.5, 12.9375, 2.5], "texture": "#2"},
				"down": {"uv": [13.5, 3.5, 12.9375, 4.5], "texture": "#2"}
			}
		},
		{
			"from": [-3, 21, 5],
			"to": [3, 27, 11],
			"rotation": {"angle": 0, "axis": "y", "origin": [0, 7, 0]},
			"faces": {
				"north": {"uv": [14.8125, 4.5, 15, 6], "texture": "#2"},
				"east": {"uv": [14.6875, 6.75, 14.875, 8.25], "texture": "#2"},
				"south": {"uv": [14.875, 0, 15.0625, 1.5], "texture": "#2"},
				"west": {"uv": [14.875, 6, 15.0625, 7.5], "texture": "#2"},
				"up": {"uv": [14.1875, 9, 14, 7.5], "texture": "#2"},
				"down": {"uv": [15.0625, 7.5, 14.875, 9], "texture": "#2"}
			}
		},
		{
			"from": [4, 22, 3],
			"to": [12, 30, 11],
			"rotation": {"angle": 0, "axis": "y", "origin": [0, 7, 0]},
			"faces": {
				"north": {"uv": [14.3125, 2, 14.5625, 4], "texture": "#2"},
				"east": {"uv": [14.3125, 4, 14.5625, 6], "texture": "#2"},
				"south": {"uv": [14.5625, 2, 14.8125, 4], "texture": "#2"},
				"west": {"uv": [14.5625, 4, 14.8125, 6], "texture": "#2"},
				"up": {"uv": [14.875, 2, 14.625, 0], "texture": "#2"},
				"down": {"uv": [14.25, 5.5, 14, 7.5], "texture": "#2"}
			}
		},
		{
			"from": [5, 22.5, 11],
			"to": [11, 26.5, 18],
			"rotation": {"angle": 0, "axis": "y", "origin": [0, 7, 0]},
			"faces": {
				"north": {"uv": [14, 9, 14.1875, 10], "texture": "#2"},
				"east": {"uv": [15.0625, 7.25, 15.28125, 8.25], "texture": "#2"},
				"south": {"uv": [14.875, 9, 15.0625, 10], "texture": "#2"},
				"west": {"uv": [15.0625, 8.25, 15.28125, 9.25], "texture": "#2"},
				"up": {"uv": [15, 4.5, 14.8125, 2.75], "texture": "#2"},
				"down": {"uv": [14.6875, 6.75, 14.5, 8.5], "texture": "#2"}
			}
		},
		{
			"from": [13, 21, 5],
			"to": [19, 27, 11],
			"rotation": {"angle": 0, "axis": "y", "origin": [0, 7, 0]},
			"faces": {
				"north": {"uv": [15, 2.75, 15.1875, 4.25], "texture": "#2"},
				"east": {"uv": [15, 4.25, 15.1875, 5.75], "texture": "#2"},
				"south": {"uv": [14.6875, 8.25, 14.875, 9.75], "texture": "#2"},
				"west": {"uv": [15.0625, 0, 15.25, 1.5], "texture": "#2"},
				"up": {"uv": [14.6875, 10, 14.5, 8.5], "texture": "#2"},
				"down": {"uv": [15.25, 5.75, 15.0625, 7.25], "texture": "#2"}
			}
		},
		{
			"from": [15.5, 23.5, 10.5],
			"to": [16.5, 24.5, 11.5],
			"rotation": {"angle": 0, "axis": "y", "origin": [0, 7, 0]},
			"faces": {
				"north": {"uv": [8, 0, 8.5, 2], "texture": "#2"},
				"east": {"uv": [8.5, 0, 8.75, 2], "texture": "#2"},
				"south": {"uv": [8, 2, 8.5, 4], "texture": "#2"},
				"west": {"uv": [8.5, 2, 8.75, 4], "texture": "#2"},
				"up": {"uv": [9.25, 1, 8.75, 0], "texture": "#2"},
				"down": {"uv": [9.25, 1, 8.75, 2], "texture": "#2"}
			}
		},
		{
			"from": [5.5, 29.5, 5],
			"to": [6.5, 31.5, 8],
			"rotation": {"angle": 0, "axis": "x", "origin": [0, 7, 0]},
			"faces": {
				"north": {"uv": [15.46875, 12, 15.4375, 12.5], "rotation": 180, "texture": "#2"},
				"east": {"uv": [14.1875, 9, 14.25, 9.75], "rotation": 270, "texture": "#2"},
				"south": {"uv": [15.4375, 12.5, 15.40625, 12], "texture": "#2"},
				"west": {"uv": [14.5625, 11.5, 14.625, 12.25], "rotation": 90, "texture": "#2"},
				"up": {"uv": [14.90625, 12, 14.9375, 12.75], "rotation": 180, "texture": "#2"},
				"down": {"uv": [14.9375, 12, 14.96875, 12.75], "texture": "#2"}
			}
		},
		{
			"from": [9.5, 29.5, 5],
			"to": [10.5, 31.5, 8],
			"rotation": {"angle": 0, "axis": "x", "origin": [0, 7, 0]},
			"faces": {
				"north": {"uv": [15.46875, 12, 15.4375, 12.5], "rotation": 180, "texture": "#2"},
				"east": {"uv": [14.1875, 9, 14.25, 9.75], "rotation": 270, "texture": "#2"},
				"south": {"uv": [15.4375, 12.5, 15.40625, 12], "texture": "#2"},
				"west": {"uv": [14.5625, 11.5, 14.625, 12.25], "rotation": 90, "texture": "#2"},
				"up": {"uv": [14.90625, 12, 14.9375, 12.75], "rotation": 180, "texture": "#2"},
				"down": {"uv": [14.9375, 12, 14.96875, 12.75], "texture": "#2"}
			}
		},
		{
			"from": [18, 24, -3],
			"to": [19, 26, -2],
			"rotation": {"angle": -22.5, "axis": "y", "origin": [0, 7, 0]},
			"faces": {
				"north": {"uv": [0, 0, 0.5, 2], "texture": "#2"},
				"east": {"uv": [0.5, 0, 1, 2], "texture": "#2"},
				"south": {"uv": [0, 2, 0.5, 4], "texture": "#2"},
				"west": {"uv": [1, 0, 1.5, 2], "texture": "#2"},
				"up": {"uv": [3, 3, 2.5, 2], "texture": "#2"},
				"down": {"uv": [3, 3, 2.5, 4], "texture": "#2"}
			}
		},
		{
			"from": [18.5, 18, 13],
			"to": [19.5, 20, 14],
			"rotation": {"angle": -22.5, "axis": "x", "origin": [0, 7, 0]},
			"faces": {
				"north": {"uv": [0.5, 2, 1, 4], "texture": "#2"},
				"east": {"uv": [1, 2, 1.5, 4], "texture": "#2"},
				"south": {"uv": [1.5, 0, 2, 2], "texture": "#2"},
				"west": {"uv": [1.5, 2, 2, 4], "texture": "#2"},
				"up": {"uv": [3, 5, 2.5, 4], "texture": "#2"},
				"down": {"uv": [3, 5, 2.5, 6], "texture": "#2"}
			}
		},
		{
			"from": [15, 24, 2],
			"to": [16, 26, 3],
			"rotation": {"angle": -22.5, "axis": "y", "origin": [0, 7, 0]},
			"faces": {
				"north": {"uv": [0, 4, 0.5, 6], "texture": "#2"},
				"east": {"uv": [2, 0, 2.5, 2], "texture": "#2"},
				"south": {"uv": [0.5, 4, 1, 6], "texture": "#2"},
				"west": {"uv": [1, 4, 1.5, 6], "texture": "#2"},
				"up": {"uv": [0.5, 7, 0, 6], "texture": "#2"},
				"down": {"uv": [3.5, 0, 3, 1], "texture": "#2"}
			}
		},
		{
			"from": [16, 28, 1],
			"to": [17, 30, 2],
			"rotation": {"angle": 22.5, "axis": "x", "origin": [0, 7, 0]},
			"faces": {
				"north": {"uv": [2, 2, 2.5, 4], "texture": "#2"},
				"east": {"uv": [1.5, 4, 2, 6], "texture": "#2"},
				"south": {"uv": [2, 4, 2.5, 6], "texture": "#2"},
				"west": {"uv": [2.5, 0, 3, 2], "texture": "#2"},
				"up": {"uv": [1, 7, 0.5, 6], "texture": "#2"},
				"down": {"uv": [3.5, 1, 3, 2], "texture": "#2"}
			}
		},
		{
			"from": [3, 8, 7],
			"to": [6, 11, 10],
			"rotation": {"angle": 0, "axis": "y", "origin": [0, 7, 0]},
			"faces": {
				"north": {"uv": [15.3125, 3.25, 15.40625, 4], "texture": "#2"},
				"east": {"uv": [15.3125, 4, 15.40625, 4.75], "texture": "#2"},
				"south": {"uv": [14.6875, 10.5, 14.78125, 11.25], "texture": "#2"},
				"west": {"uv": [14.90625, 10.5, 15, 11.25], "texture": "#2"},
				"up": {"uv": [15.09375, 11.25, 15, 10.5], "texture": "#2"},
				"down": {"uv": [15.1875, 10.5, 15.09375, 11.25], "texture": "#2"}
			}
		},
		{
			"from": [10, 8, 7],
			"to": [13, 11, 10],
			"rotation": {"angle": 0, "axis": "y", "origin": [0, 7, 0]},
			"faces": {
				"north": {"uv": [15.3125, 9.25, 15.40625, 10], "texture": "#2"},
				"east": {"uv": [15.1875, 10.5, 15.28125, 11.25], "texture": "#2"},
				"south": {"uv": [15.3125, 10, 15.40625, 10.75], "texture": "#2"},
				"west": {"uv": [14.25, 10.75, 14.34375, 11.5], "texture": "#2"},
				"up": {"uv": [14.4375, 11.5, 14.34375, 10.75], "texture": "#2"},
				"down": {"uv": [14.53125, 10.75, 14.4375, 11.5], "texture": "#2"}
			}
		},
		{
			"from": [3, 16, 7],
			"to": [6, 19, 10],
			"rotation": {"angle": 0, "axis": "y", "origin": [0, 7, 0]},
			"faces": {
				"north": {"uv": [14.53125, 10.75, 14.625, 11.5], "texture": "#2"},
				"east": {"uv": [14.78125, 10.75, 14.875, 11.5], "texture": "#2"},
				"south": {"uv": [15.28125, 10.75, 15.375, 11.5], "texture": "#2"},
				"west": {"uv": [14, 11, 14.09375, 11.75], "texture": "#2"},
				"up": {"uv": [14.1875, 11.75, 14.09375, 11], "texture": "#2"},
				"down": {"uv": [15.46875, 6.25, 15.375, 7], "texture": "#2"}
			}
		},
		{
			"from": [7.5, 15, 4],
			"to": [8.5, 18, 6],
			"rotation": {"angle": 0, "axis": "y", "origin": [0, 7, 0]},
			"faces": {
				"north": {"uv": [14.6875, 12, 14.71875, 12.75], "texture": "#2"},
				"east": {"uv": [14.1875, 7.5, 14.25, 8.25], "texture": "#2"},
				"south": {"uv": [14.875, 12, 14.90625, 12.75], "texture": "#2"},
				"west": {"uv": [14.1875, 8.25, 14.25, 9], "texture": "#2"},
				"up": {"uv": [14.90625, 11.25, 14.875, 10.75], "texture": "#2"},
				"down": {"uv": [15.40625, 12, 15.375, 12.5], "texture": "#2"}
			}
		},
		{
			"from": [10, 16, 7],
			"to": [13, 19, 10],
			"rotation": {"angle": 0, "axis": "y", "origin": [0, 7, 0]},
			"faces": {
				"north": {"uv": [15.375, 10.75, 15.46875, 11.5], "texture": "#2"},
				"east": {"uv": [15.40625, 3.25, 15.5, 4], "texture": "#2"},
				"south": {"uv": [15.40625, 4, 15.5, 4.75], "texture": "#2"},
				"west": {"uv": [14.625, 11.25, 14.71875, 12], "texture": "#2"},
				"up": {"uv": [14.96875, 12, 14.875, 11.25], "texture": "#2"},
				"down": {"uv": [15.0625, 11.25, 14.96875, 12], "texture": "#2"}
			}
		},
		{
			"from": [-2, 20, 6],
			"to": [18, 23, 10],
			"rotation": {"angle": 0, "axis": "y", "origin": [0, 7, 0]},
			"faces": {
				"north": {"uv": [14.25, 6, 14.875, 6.75], "texture": "#2"},
				"east": {"uv": [14.78125, 10, 14.90625, 10.75], "texture": "#2"},
				"south": {"uv": [14.8125, 2, 15.4375, 2.75], "texture": "#2"},
				"west": {"uv": [15.25, 6.25, 15.375, 7], "texture": "#2"},
				"up": {"uv": [14.625, 1, 14, 0], "texture": "#2"},
				"down": {"uv": [14.625, 1, 14, 2], "texture": "#2"}
			}
		},
		{
			"from": [3, 12, 7],
			"to": [6, 15, 10],
			"rotation": {"angle": 0, "axis": "y", "origin": [0, 7, 0]},
			"faces": {
				"north": {"uv": [15.0625, 11.25, 15.15625, 12], "texture": "#2"},
				"east": {"uv": [15.15625, 11.25, 15.25, 12], "texture": "#2"},
				"south": {"uv": [15.40625, 9.25, 15.5, 10], "texture": "#2"},
				"west": {"uv": [15.40625, 10, 15.5, 10.75], "texture": "#2"},
				"up": {"uv": [14.28125, 12.25, 14.1875, 11.5], "texture": "#2"},
				"down": {"uv": [15.53125, 1.5, 15.4375, 2.25], "texture": "#2"}
			}
		},
		{
			"from": [6, 7, 6],
			"to": [10, 21, 11],
			"rotation": {"angle": 0, "axis": "x", "origin": [0, 7, 0]},
			"faces": {
				"north": {"uv": [14.25, 6.75, 14.375, 10.25], "texture": "#2"},
				"east": {"uv": [14, 2, 14.15625, 5.5], "texture": "#2"},
				"south": {"uv": [14.375, 6.75, 14.5, 10.25], "texture": "#2"},
				"west": {"uv": [14.15625, 2, 14.3125, 5.5], "texture": "#2"},
				"up": {"uv": [15.1875, 10.5, 15.0625, 9.25], "texture": "#2"},
				"down": {"uv": [15.3125, 2.75, 15.1875, 4], "texture": "#2"}
			}
		},
		{
			"from": [10, 12, 7],
			"to": [13, 15, 10],
			"rotation": {"angle": 0, "axis": "y", "origin": [0, 7, 0]},
			"faces": {
				"north": {"uv": [14.28125, 11.5, 14.375, 12.25], "texture": "#2"},
				"east": {"uv": [14.375, 11.5, 14.46875, 12.25], "texture": "#2"},
				"south": {"uv": [14.46875, 11.5, 14.5625, 12.25], "texture": "#2"},
				"west": {"uv": [14.71875, 11.5, 14.8125, 12.25], "texture": "#2"},
				"up": {"uv": [15.53125, 7.75, 15.4375, 7], "texture": "#2"},
				"down": {"uv": [15.34375, 11.5, 15.25, 12.25], "texture": "#2"}
			}
		},
		{
			"from": [7.5, 10, 4],
			"to": [8.5, 13, 6],
			"rotation": {"angle": 0, "axis": "y", "origin": [0, 7, 0]},
			"faces": {
				"north": {"uv": [14.90625, 12, 14.9375, 12.75], "texture": "#2"},
				"east": {"uv": [14.1875, 9, 14.25, 9.75], "texture": "#2"},
				"south": {"uv": [14.9375, 12, 14.96875, 12.75], "texture": "#2"},
				"west": {"uv": [14.5625, 11.5, 14.625, 12.25], "texture": "#2"},
				"up": {"uv": [15.4375, 12.5, 15.40625, 12], "texture": "#2"},
				"down": {"uv": [15.46875, 12, 15.4375, 12.5], "texture": "#2"}
			}
		},
		{
			"from": [6, 9, 5],
			"to": [10, 11, 10],
			"rotation": {"angle": 22.5, "axis": "x", "origin": [0, 7, 0]},
			"faces": {
				"north": {"uv": [15.3125, 4.75, 15.4375, 5.25], "texture": "#2"},
				"east": {"uv": [14.90625, 10, 15.0625, 10.5], "texture": "#2"},
				"south": {"uv": [15.4375, 2.25, 15.5625, 2.75], "texture": "#2"},
				"west": {"uv": [14.25, 10.25, 14.40625, 10.75], "texture": "#2"},
				"up": {"uv": [15.3125, 5.25, 15.1875, 4], "texture": "#2"},
				"down": {"uv": [15.3125, 9.25, 15.1875, 10.5], "texture": "#2"}
			}
		},
		{
			"from": [7, 2, 6],
			"to": [8, 4, 8],
			"rotation": {"angle": 22.5, "axis": "x", "origin": [0, 7, 0]},
			"faces": {
				"north": {"uv": [15.46875, 12, 15.5, 12.5], "texture": "#2"},
				"east": {"uv": [15.5, 3.25, 15.5625, 3.75], "texture": "#2"},
				"south": {"uv": [15.5, 12, 15.53125, 12.5], "texture": "#2"},
				"west": {"uv": [15.5, 3.75, 15.5625, 4.25], "texture": "#2"},
				"up": {"uv": [14.03125, 12.75, 14, 12.25], "texture": "#2"},
				"down": {"uv": [15.5625, 0, 15.53125, 0.5], "texture": "#2"}
			}
		},
		{
			"from": [7, 4, 6],
			"to": [9, 7, 8],
			"rotation": {"angle": 22.5, "axis": "x", "origin": [0, 7, 0]},
			"faces": {
				"north": {"uv": [14.8125, 11.5, 14.875, 12.25], "texture": "#2"},
				"east": {"uv": [14.125, 11.75, 14.1875, 12.5], "texture": "#2"},
				"south": {"uv": [15.46875, 6.25, 15.53125, 7], "texture": "#2"},
				"west": {"uv": [15.46875, 10.75, 15.53125, 11.5], "texture": "#2"},
				"up": {"uv": [15.5625, 4.75, 15.5, 4.25], "texture": "#2"},
				"down": {"uv": [14.6875, 12, 14.625, 12.5], "texture": "#2"}
			}
		},
		{
			"from": [8, 2, 5.5],
			"to": [8, 3, 8.5],
			"rotation": {"angle": 22.5, "axis": "x", "origin": [0, 7, 0]},
			"faces": {
				"north": {"uv": [14, 0, 14, 0.25], "texture": "#2"},
				"east": {"uv": [14.6875, 9.75, 14.78125, 10], "texture": "#2"},
				"south": {"uv": [14, 0, 14, 0.25], "texture": "#2"},
				"west": {"uv": [14.78125, 9.75, 14.875, 10], "texture": "#2"},
				"up": {"uv": [14, 0.75, 14, 0], "texture": "#2"},
				"down": {"uv": [14, 0, 14, 0.75], "texture": "#2"}
			}
		},
		{
			"from": [8, -8, 8.5],
			"to": [8, -7, 9.5],
			"rotation": {"angle": 22.5, "axis": "x", "origin": [0, 0, 0]},
			"faces": {
				"north": {"uv": [14, 0, 14, 0.25], "texture": "#2"},
				"east": {"uv": [15.25, 7, 15.28125, 7.25], "texture": "#2"},
				"south": {"uv": [14, 0, 14, 0.25], "texture": "#2"},
				"west": {"uv": [14.40625, 10.25, 14.4375, 10.5], "texture": "#2"},
				"up": {"uv": [14, 0.25, 14, 0], "texture": "#2"},
				"down": {"uv": [14, 0, 14, 0.25], "texture": "#2"}
			}
		},
		{
			"from": [8, 2, 7],
			"to": [9, 4, 8],
			"rotation": {"angle": 22.5, "axis": "x", "origin": [0, 7, 0]},
			"faces": {
				"north": {"uv": [14.03125, 12.25, 14.0625, 12.75], "texture": "#2"},
				"east": {"uv": [14.0625, 12.25, 14.09375, 12.75], "texture": "#2"},
				"south": {"uv": [15.53125, 0.5, 15.5625, 1], "texture": "#2"},
				"west": {"uv": [14.09375, 12.25, 14.125, 12.75], "texture": "#2"},
				"up": {"uv": [14.46875, 10.5, 14.4375, 10.25], "texture": "#2"},
				"down": {"uv": [14.5, 10.25, 14.46875, 10.5], "texture": "#2"}
			}
		},
		{
			"from": [8, -1, 6.5],
			"to": [8, 0, 7.5],
			"rotation": {"angle": 22.5, "axis": "x", "origin": [0, 7, 0]},
			"faces": {
				"north": {"uv": [14, 0, 14, 0.25], "texture": "#2"},
				"east": {"uv": [15.28125, 10.5, 15.3125, 10.75], "texture": "#2"},
				"south": {"uv": [14, 0, 14, 0.25], "texture": "#2"},
				"west": {"uv": [14.71875, 11.25, 14.75, 11.5], "texture": "#2"},
				"up": {"uv": [14, 0.25, 14, 0], "texture": "#2"},
				"down": {"uv": [14, 0, 14, 0.25], "texture": "#2"}
			}
		},
		{
			"from": [6, 4, 7],
			"to": [7, 7, 8],
			"rotation": {"angle": 22.5, "axis": "x", "origin": [0, 7, 0]},
			"faces": {
				"north": {"uv": [14.96875, 12, 15, 12.75], "texture": "#2"},
				"east": {"uv": [15, 12, 15.03125, 12.75], "texture": "#2"},
				"south": {"uv": [15.03125, 12, 15.0625, 12.75], "texture": "#2"},
				"west": {"uv": [15.0625, 12, 15.09375, 12.75], "texture": "#2"},
				"up": {"uv": [14.78125, 11.5, 14.75, 11.25], "texture": "#2"},
				"down": {"uv": [15.28125, 11.25, 15.25, 11.5], "texture": "#2"}
			}
		},
		{
			"from": [8, 3, 6],
			"to": [9, 4, 7],
			"rotation": {"angle": 22.5, "axis": "x", "origin": [0, 7, 0]},
			"faces": {
				"north": {"uv": [15.4375, 7.75, 15.46875, 8], "texture": "#2"},
				"east": {"uv": [15.46875, 7.75, 15.5, 8], "texture": "#2"},
				"south": {"uv": [15.5, 7.75, 15.53125, 8], "texture": "#2"},
				"west": {"uv": [15.53125, 2, 15.5625, 2.25], "texture": "#2"},
				"up": {"uv": [14.53125, 12.5, 14.5, 12.25], "texture": "#2"},
				"down": {"uv": [14.5625, 12.25, 14.53125, 12.5], "texture": "#2"}
			}
		},
		{
			"from": [8, -1, 4.5],
			"to": [8, 0, 5.5],
			"rotation": {"angle": 22.5, "axis": "x", "origin": [0, 7, 0]},
			"faces": {
				"north": {"uv": [14, 0, 14, 0.25], "texture": "#2"},
				"east": {"uv": [14.5625, 12.25, 14.59375, 12.5], "texture": "#2"},
				"south": {"uv": [14, 0, 14, 0.25], "texture": "#2"},
				"west": {"uv": [14.59375, 12.25, 14.625, 12.5], "texture": "#2"},
				"up": {"uv": [14, 0.25, 14, 0], "texture": "#2"},
				"down": {"uv": [14, 0, 14, 0.25], "texture": "#2"}
			}
		},
		{
			"from": [8, 0, 4.5],
			"to": [8, 2, 9.5],
			"rotation": {"angle": 22.5, "axis": "x", "origin": [0, 7, 0]},
			"faces": {
				"north": {"uv": [14, 0, 14, 0.5], "texture": "#2"},
				"east": {"uv": [15.28125, 7, 15.4375, 7.5], "texture": "#2"},
				"south": {"uv": [14, 0, 14, 0.5], "texture": "#2"},
				"west": {"uv": [15.28125, 7.5, 15.4375, 8], "texture": "#2"},
				"up": {"uv": [14, 1.25, 14, 0], "texture": "#2"},
				"down": {"uv": [14, 0, 14, 1.25], "texture": "#2"}
			}
		},
		{
			"from": [6, 5, 6],
			"to": [7, 7, 7],
			"rotation": {"angle": 22.5, "axis": "x", "origin": [0, 7, 0]},
			"faces": {
				"north": {"uv": [15.53125, 1, 15.5625, 1.5], "texture": "#2"},
				"east": {"uv": [14.1875, 12.25, 14.21875, 12.75], "texture": "#2"},
				"south": {"uv": [15.53125, 1.5, 15.5625, 2], "texture": "#2"},
				"west": {"uv": [14.21875, 12.25, 14.25, 12.75], "texture": "#2"},
				"up": {"uv": [14.75, 12.5, 14.71875, 12.25], "texture": "#2"},
				"down": {"uv": [15.5625, 5.75, 15.53125, 6], "texture": "#2"}
			}
		},
		{
			"from": [9, 4, 6],
			"to": [10, 7, 7],
			"rotation": {"angle": 22.5, "axis": "x", "origin": [0, 7, 0]},
			"faces": {
				"north": {"uv": [15.09375, 12, 15.125, 12.75], "texture": "#2"},
				"east": {"uv": [15.125, 12, 15.15625, 12.75], "texture": "#2"},
				"south": {"uv": [15.15625, 12, 15.1875, 12.75], "texture": "#2"},
				"west": {"uv": [15.5, 9.25, 15.53125, 10], "texture": "#2"},
				"up": {"uv": [14.78125, 12.5, 14.75, 12.25], "texture": "#2"},
				"down": {"uv": [15.5625, 6, 15.53125, 6.25], "texture": "#2"}
			}
		},
		{
			"from": [9, 5, 7],
			"to": [10, 7, 8],
			"rotation": {"angle": 22.5, "axis": "x", "origin": [0, 7, 0]},
			"faces": {
				"north": {"uv": [14.25, 12.25, 14.28125, 12.75], "texture": "#2"},
				"east": {"uv": [14.28125, 12.25, 14.3125, 12.75], "texture": "#2"},
				"south": {"uv": [14.3125, 12.25, 14.34375, 12.75], "texture": "#2"},
				"west": {"uv": [14.34375, 12.25, 14.375, 12.75], "texture": "#2"},
				"up": {"uv": [14.8125, 12.5, 14.78125, 12.25], "texture": "#2"},
				"down": {"uv": [15.5625, 6.25, 15.53125, 6.5], "texture": "#2"}
			}
		},
		{
			"from": [8, 6, 5],
			"to": [9, 7, 6],
			"rotation": {"angle": 22.5, "axis": "x", "origin": [0, 7, 0]},
			"faces": {
				"north": {"uv": [14.8125, 12.25, 14.84375, 12.5], "texture": "#2"},
				"east": {"uv": [15.53125, 6.5, 15.5625, 6.75], "texture": "#2"},
				"south": {"uv": [14.84375, 12.25, 14.875, 12.5], "texture": "#2"},
				"west": {"uv": [15.53125, 6.75, 15.5625, 7], "texture": "#2"},
				"up": {"uv": [15.5625, 7.25, 15.53125, 7], "texture": "#2"},
				"down": {"uv": [15.5625, 7.25, 15.53125, 7.5], "texture": "#2"}
			}
		},
		{
			"from": [7, 6, 8],
			"to": [8, 7, 9],
			"rotation": {"angle": 22.5, "axis": "x", "origin": [0, 7, 0]},
			"faces": {
				"north": {"uv": [15.53125, 7.5, 15.5625, 7.75], "texture": "#2"},
				"east": {"uv": [15.53125, 7.75, 15.5625, 8], "texture": "#2"},
				"south": {"uv": [15.53125, 9.25, 15.5625, 9.5], "texture": "#2"},
				"west": {"uv": [15.53125, 9.5, 15.5625, 9.75], "texture": "#2"},
				"up": {"uv": [15.5625, 10, 15.53125, 9.75], "texture": "#2"},
				"down": {"uv": [15.28125, 12.25, 15.25, 12.5], "texture": "#2"}
			}
		},
		{
			"from": [7, 4, 5],
			"to": [8, 7, 6],
			"rotation": {"angle": 22.5, "axis": "x", "origin": [0, 7, 0]},
			"faces": {
				"north": {"uv": [15.1875, 12, 15.21875, 12.75], "texture": "#2"},
				"east": {"uv": [15.21875, 12, 15.25, 12.75], "texture": "#2"},
				"south": {"uv": [15.5, 10, 15.53125, 10.75], "texture": "#2"},
				"west": {"uv": [15.34375, 12, 15.375, 12.75], "texture": "#2"},
				"up": {"uv": [15.5625, 10.25, 15.53125, 10], "texture": "#2"},
				"down": {"uv": [15.3125, 12.25, 15.28125, 12.5], "texture": "#2"}
			}
		},
		{
			"from": [8, 5, 8],
			"to": [9, 7, 9],
			"rotation": {"angle": 22.5, "axis": "x", "origin": [0, 7, 0]},
			"faces": {
				"north": {"uv": [14.375, 12.25, 14.40625, 12.75], "texture": "#2"},
				"east": {"uv": [14.40625, 12.25, 14.4375, 12.75], "texture": "#2"},
				"south": {"uv": [14.4375, 12.25, 14.46875, 12.75], "texture": "#2"},
				"west": {"uv": [14.46875, 12.25, 14.5, 12.75], "texture": "#2"},
				"up": {"uv": [15.5625, 10.5, 15.53125, 10.25], "texture": "#2"},
				"down": {"uv": [15.34375, 12.25, 15.3125, 12.5], "texture": "#2"}
			}
		},
		{
			"from": [6, 7, 5],
			"to": [10, 9, 9],
			"rotation": {"angle": 22.5, "axis": "x", "origin": [0, 7, 0]},
			"faces": {
				"north": {"uv": [15.4375, 4.75, 15.5625, 5.25], "texture": "#2"},
				"east": {"uv": [15.34375, 11.5, 15.46875, 12], "texture": "#2"},
				"south": {"uv": [14, 11.75, 14.125, 12.25], "texture": "#2"},
				"west": {"uv": [15.46875, 5.25, 15.59375, 5.75], "texture": "#2"},
				"up": {"uv": [14.125, 11, 14, 10], "texture": "#2"},
				"down": {"uv": [14.25, 10, 14.125, 11], "texture": "#2"}
			}
		}
	],
	"display": {},
	"groups": [
		{
			"name": "BOSS RAID",
			"origin": [8, 8, 8],
			"color": 0,
			"children": [
				{
					"name": "ailes",
					"origin": [8, 8, 8],
					"color": 0,
					"children": [0, 1, 2, 3, 4, 5, 6, 7, 8, 9, 10, 11]
				},
				{
					"name": "tetes",
					"origin": [0, 0, 0],
					"color": 0,
					"children": [
						12,
						13,
						14,
						15,
						16,
						17,
						18,
						{
							"name": "pics",
							"origin": [0, 0, 0],
							"color": 0,
							"children": [19, 20, 21, 22]
						}
					]
				},
				{
					"name": "corps",
					"origin": [0, 0, 0],
					"color": 0,
					"children": [23, 24, 25, 26, 27, 28, 29, 30, 31, 32]
				},
				{
					"name": "queue",
					"origin": [0, 0, 0],
					"color": 0,
					"children": [
						33,
						34,
						35,
						36,
						37,
						38,
						39,
						40,
						41,
						42,
						43,
						44,
						45,
						46,
						47,
						48,
						49,
						50,
						51,
						{
							"name": "group",
							"origin": [0, 0, 0],
							"color": 0,
							"children": []
						}
					]
				}
			]
		}
	]
}